N	2gram	Vygotskiy_	Analitik
1	не только	36	71
2	и в	47	66
3	в качестве	9	61
4	но и	19	57
5	в том	38	52
6	может быть	20	52
7	в этом	47	51
8	в частности	4	51
9	как и	19	50
10	и не	27	48
11	а не	7	42
12	при этом	4	40
13	том что	28	40
14	так и	8	35
15	представляет собой	23	30
16	состоит в	3	30
17	отнюдь не	2	29
18	как бы	13	29
19	не может	23	29
20	а в	3	28
21	в его	7	27
22	и его	14	27
23	не в	7	26
24	но не	13	26
25	в себе	14	24
26	иначе говоря	3	23
27	что в	23	22
28	и даже	3	22
29	к тому	13	22
30	в этой	7	22
31	лишь в	3	21
32	о том	5	20
33	в самом	15	19
34	то же	16	19
35	в своей	4	19
36	по отношению	10	19
37	с его	1	19
38	но в	9	19
39	в данном	7	18
40	в то	10	18
41	отношению к	9	18
42	тем самым	14	17
43	с другой	7	17
44	только в	24	17
45	или иной	2	17
46	в целом	7	17
47	что и	4	16
48	могут быть	7	16
49	то что	40	16
50	в пределах	3	16
51	и на	4	15
52	не есть	4	15
53	между тем	2	15
54	уже не	1	15
55	прежде всего	9	15
56	в сущности	16	15
57	в их	4	15
58	не менее	6	14
59	того же	7	14
60	в себя	4	14
61	той или	2	14
62	мы имеем	3	14
63	же время	1	14
64	в отличие	4	14
65	данном случае	5	14
66	столь же	2	14
67	отличие от	4	14
68	далеко не	1	14
69	по себе	5	13
70	точки зрения	39	13
71	как правило	2	13
72	тому же	2	13
73	в случае	5	13
74	он не	5	13
75	этого слова	5	13
76	ничего не	2	13
77	как раз	6	13
78	для него	6	13
79	в начале	6	13
80	и к	11	12
81	никогда не	7	12
82	внутренней речи	78	12
83	как это	7	12
84	в первой	3	12
85	как в	7	12
86	еще не	5	12
87	в конечном	2	12
88	есть не	3	12
89	в той	7	11
90	даже в	2	11
91	конечном счете	2	11
92	имеем дело	2	11
93	по своей	12	11
94	в свою	3	11
95	той же	13	11
96	это не	6	11
97	можно сказать	9	11
98	и как	7	11
99	во второй	5	11
100	не с	3	11
101	нуждается в	5	11
102	именно в	9	10
103	все же	7	10
104	едва ли	5	10
105	с одной	7	10
106	в конце	5	10
107	было бы	12	10
108	подобно тому	2	10
109	отношения к	5	10
110	совпадает с	5	10
111	здесь не	1	10
112	один из	3	10
113	говорить о	1	9
114	в результате	3	9
115	другой стороны	3	9
116	на фоне	3	9
117	и того	3	9
118	одной стороны	7	9
119	свою очередь	3	9
120	том чтобы	1	9
121	в своем	3	9
122	по поводу	3	9
123	таким образом	38	9
124	во всех	9	9
125	за пределы	2	9
126	только не	14	9
127	имеет место	4	9
128	особого рода	1	9
129	вместе с	19	9
130	тому как	2	9
131	того что	27	9
132	дело с	3	8
133	о чем	8	8
134	между двумя	5	8
135	одной из	4	8
136	в сторону	1	8
137	как известно	6	8
138	о его	3	8
139	с ним	5	8
140	если бы	8	8
141	и все	5	8
142	что он	13	8
143	перед нами	3	8
144	не является	4	8
145	в основе	5	8
146	с точки	31	8
147	хотя и	4	8
148	этом отношении	7	8
149	времени и	1	8
150	дело не	1	8
151	он и	1	8
152	одного из	2	8
153	в ходе	14	8
154	во всяком	2	7
155	в противоположность	1	7
156	в другом	3	7
157	в одном	4	7
158	как мы	24	7
159	в нашем	6	7
160	который в	1	7
161	одна из	2	7
162	не мог	2	7
163	по природе	2	7
164	внимание на	4	7
165	несмотря на	2	7
166	в ее	7	7
167	у него	2	7
168	в таком	2	7
169	как говорит	6	7
170	и тем	10	7
171	и является	5	7
172	приводит к	10	7
173	в глазах	1	7
174	в соответствии	1	7
175	всяком случае	1	7
176	и для	5	7
177	в литературе	1	7
178	все это	5	7
179	однако не	2	7
180	в новом	2	7
181	на его	3	7
182	и т.д	4	7
183	себя и	2	7
184	место в	1	7
185	что иное	1	7
186	как будто	1	7
187	иное как	1	7
188	во всем	4	6
189	для всех	2	6
190	те же	1	6
191	или в	2	6
192	казалось бы	4	6
193	одного и	3	6
194	не что	1	6
195	с другим	3	6
196	вовсе не	3	6
197	из них	2	6
198	ключ к	3	6
199	то в	4	6
200	тем не	4	6
201	не знает	3	6
202	что не	2	6
203	напомним что	1	6
204	вопроса о	2	6
205	его как	1	6
206	в силу	21	6
207	в нем	6	6
208	если в	6	6
209	на этом	4	6
210	из которых	3	6
211	из того	7	6
212	самим собой	2	6
213	вследствие этого	1	6
214	роли в	1	6
215	и более	2	6
216	и состоит	3	6
217	из этих	6	6
218	соответствии с	1	6
219	в сознании	11	6
220	и то	10	6
221	ответ на	3	6
222	уже в	3	6
223	в равной	2	6
224	есть в	5	6
225	ли не	3	6
226	должен быть	1	6
227	его в	7	6
228	тем более	1	6
229	мере в	2	6
230	же в	1	6
231	что на	5	6
232	все что	7	5
233	не так	1	5
234	по выражению	2	5
235	не как	1	5
236	а затем	2	5
237	в этих	2	5
238	в них	3	5
239	по пути	1	5
240	в первом	6	5
241	мысль о	1	5
242	тем что	14	5
243	в один	1	5
244	речь идет	1	5
245	исходя из	1	5
246	в котором	6	5
247	входит в	3	5
248	для того	24	5
249	для себя	24	5
250	в слове	11	5
251	к этому	2	5
252	не дано	1	5
253	и он	4	5
254	с другими	5	5
255	иного рода	1	5
256	ни в	3	5
257	я не	3	5
258	и до	3	5
259	того и	2	5
260	но как	3	5
261	а с	3	5
262	так что	8	5
263	и по	6	5
264	и потому	3	5
265	с ее	2	5
266	во втором	5	5
267	и здесь	5	5
268	том или	1	5
269	связывается с	1	5
270	не могут	9	5
271	самом деле	6	5
272	с таким	3	5
273	и соответственно	1	5
274	к его	3	5
275	еще и	1	5
276	совершенно не	2	5
277	что мы	14	5
278	как пишет	1	5
279	на примере	1	5
280	он в	1	5
281	а и	2	5
282	этом случае	15	5
283	принадлежит к	2	5
284	на вопрос	6	5
285	мы не	10	5
286	с той	3	5
287	с их	2	5
288	все эти	7	5
289	одно из	6	5
290	одну из	2	5
291	и их	7	5
292	еще в	3	5
293	такой же	4	5
294	и особенно	2	5
295	таким же	3	5
296	его от	2	4
297	о своем	2	4
298	связь с	1	4
299	в своих	2	4
300	к самому	2	4
301	в собственном	4	4
302	что по	2	4
303	отличается от	6	4
304	с этим	5	4
305	нам не	1	4
306	во внешнем	1	4
307	при наличии	1	4
308	в действительности	3	4
309	в любом	2	4
310	не должен	1	4
311	только на	5	4
312	для данного	3	4
313	значительной степени	1	4
314	что же	3	4
315	самом начале	5	4
316	сказать что	18	4
317	известной степени	2	4
318	на него	1	4
319	что она	8	4
320	не удивительно	3	4
321	к нему	5	4
322	и представляет	1	4
323	в ситуации	7	4
324	не было	1	4
325	в которой	16	4
326	одним из	3	4
327	между ними	8	4
328	в двух	2	4
329	в чем	5	4
330	на себе	1	4
331	бы в	7	4
332	в каждом	3	4
333	могли бы	10	4
334	мы уже	5	4
335	в ответ	3	4
336	и что	14	4
337	этом смысле	2	4
338	известном смысле	2	4
339	силу своей	1	4
340	и от	6	4
341	и есть	4	4
342	его к	2	4
343	а как	1	4
344	были бы	5	4
345	была бы	3	4
346	представляют собой	2	4
347	как он	1	4
348	в отношении	9	4
349	оказывается в	1	4
350	а именно	1	4
351	удивительно что	1	4
352	бы не	1	4
353	в известном	2	4
354	и т	1	4
355	это и	7	4
356	его и	2	4
357	все три	1	4
358	потому что	26	4
359	того чтобы	26	4
360	не должно	1	4
361	и тогда	3	4
362	в диалоге	1	4
363	и во	5	4
364	до известной	2	4
365	к предмету	6	4
366	но это	4	4
367	обратиться к	1	4
368	анализ в	1	4
369	как к	4	4
370	все они	1	4
371	о нем	1	4
372	ему в	1	4
373	как у	1	4
374	ее в	11	4
375	в полном	1	4
376	здесь в	2	4
377	на которой	1	4
378	сама по	1	4
379	нас к	10	4
380	по своему	11	4
381	об этом	4	4
382	и другого	2	4
383	жизнь и	1	4
384	человека в	1	4
385	но при	1	4
386	в акте	1	4
387	в значительной	3	4
388	наконец в	3	4
389	на основе	5	4
390	и ее	3	4
391	отношение к	8	4
392	и о	4	4
393	в области	5	4
394	дело здесь	1	4
395	более того	2	4
396	и составляет	2	3
397	в центре	2	3
398	случае в	4	3
399	этого феномена	1	3
400	к этой	2	3
401	с этой	5	3
402	оказывается не	3	3
403	случае не	2	3
404	какой бы	1	3
405	в виду	5	3
406	быть может	1	3
407	вопрос об	1	3
408	и с	5	3
409	в речи	6	3
410	с тем	8	3
411	и внутренне	1	3
412	только для	1	3
413	в момент	4	3
414	в такой	6	3
415	в центр	2	3
416	при условии	1	3
417	вопрос о	9	3
418	раз и	1	3
419	другого в	1	3
420	на самом	3	3
421	это было	2	3
422	и той	5	3
423	одной и	5	3
424	втором случае	5	3
425	и те	1	3
426	от своей	1	3
427	себе в	5	3
428	то его	1	3
429	было сказано	3	3
430	дистанция между	1	3
431	как на	8	3
432	что все	6	3
433	в зависимости	6	3
434	и внешней	1	3
435	на котором	4	3
436	к ее	1	3
437	к внутреннему	1	3
438	гораздо более	4	3
439	всего в	2	3
440	при анализе	1	3
441	что у	4	3
442	в восприятии	1	3
443	первом случае	5	3
444	должно быть	3	3
445	в состоянии	4	3
446	от первого	1	3
447	для своего	1	3
448	связи с	4	3
449	всякий раз	3	3
450	не говорит	1	3
451	очевидно что	6	3
452	во внутренней	4	3
453	в связи	1	3
454	в ряду	3	3
455	так сказать	1	3
456	между собой	15	3
457	представляется нам	3	3
458	что как	2	3
459	но к	1	3
460	он сам	2	3
461	не был	1	3
462	остается в	2	3
463	здесь как	2	3
464	м и	1	3
465	включает в	2	3
466	речи и	36	3
467	хотя в	1	3
468	в тех	1	3
469	и тот	1	3
470	из этого	4	3
471	оно может	2	3
472	на место	1	3
473	слова как	5	3
474	во время	2	3
475	всех этих	1	3
476	означает что	1	3
477	в одну	2	3
478	н и	1	3
479	например в	5	3
480	тогда когда	12	3
481	на первом	2	3
482	что они	11	3
483	содержит в	4	3
484	никак не	5	3
485	переходит от	2	3
486	первых двух	1	3
487	поэтому в	2	3
488	можно было	7	3
489	оно не	3	3
490	не случайна	1	3
491	если не	1	3
492	до этого	1	3
493	ни о	1	3
494	мы могли	15	3
495	заключается в	14	3
496	никто не	2	3
497	о котором	1	3
498	зависимости от	6	3
499	в словах	1	3
500	только одно	2	3
501	ни к	1	3
502	языка и	6	3
503	своей собственной	2	3
504	и заключается	3	3
505	быть не	1	3
506	тех пор	1	3
507	для нее	3	3
508	и больше	2	3
509	к объекту	14	3
510	в обоих	1	3
511	и наоборот	1	3
512	образом не	1	3
513	впервые в	1	3
514	она может	2	3
515	речи в	31	3
516	мог бы	6	3
517	на этот	2	3
518	как нельзя	1	3
519	на языке	1	3
520	так как	25	3
521	они не	2	3
522	том числе	2	3
523	возникает в	3	3
524	же мере	5	3
525	видеть в	1	3
526	дело в	1	3
527	ведь это	2	3
528	но с	4	3
529	а о	1	3
530	сам по	2	3
531	и без	2	3
532	в какой	6	3
533	при таком	2	3
534	к своему	1	3
535	и я	1	3
536	этих двух	4	3
537	ко всему	2	3
538	только к	4	3
539	с новыми	1	3
540	она не	7	3
541	также и	2	3
542	в ней	5	3
543	но он	3	3
544	независимо от	1	3
545	мы должны	7	3
546	и может	2	3
547	его речи	1	3
548	человека с	1	3
549	идет о	3	3
550	же самое	12	3
551	которые в	5	3
552	когда он	2	3
553	слова в	7	3
554	это означает	2	3
555	на то	5	3
556	может и	3	3
557	для этого	4	3
558	и наконец	4	3
559	не к	1	3
560	момент его	1	3
561	по нашему	1	3
562	ничего иного	1	2
563	является в	7	2
564	есть вещь	1	2
565	еще раз	1	2
566	т.е в	1	2
567	еще более	1	2
568	тому что	14	2
569	в разных	6	2
570	так ли	1	2
571	не являются	1	2
572	вещь может	1	2
573	до последнего	1	2
574	среди других	1	2
575	от них	1	2
576	ко всем	6	2
577	нами и	1	2
578	в новую	2	2
579	мы и	5	2
580	эту особенность	1	2
581	к другим	11	2
582	с не	2	2
583	только через	1	2
584	их в	2	2
585	обоих случаях	1	2
586	в одно	1	2
587	он произносит	1	2
588	собой не	1	2
589	в иной	2	2
590	и слово	4	2
591	не его	1	2
592	но мы	5	2
593	культуры в	1	2
594	так например	1	2
595	на первый	1	2
596	самой этой	1	2
597	в речь	2	2
598	любви к	1	2
599	было не	1	2
600	на природу	1	2
601	на этой	7	2
602	отвлеченной мысли	1	2
603	что этот	6	2
604	как речь	1	2
605	языка в	2	2
606	своей природе	8	2
607	собой один	1	2
608	имеет в	4	2
609	совершенно очевидно	3	2
610	должна была	1	2
611	но они	1	2
612	на пути	1	2
613	связь между	10	2
614	обращаясь к	1	2
615	принадлежит не	1	2
616	стороны как	2	2
617	так же	26	2
618	других что	1	2
619	в прошлом	1	2
620	к ним	1	2
621	вообще и	1	2
622	отношений и	2	2
623	впрочем в	1	2
624	перед ним	1	2
625	быть в	1	2
626	к которому	3	2
627	с этими	1	2
628	отношения в	1	2
629	сих пор	6	2
630	во всей	3	2
631	друг с	6	2
632	в отдельных	1	2
633	в системе	3	2
634	она есть	2	2
635	не просто	1	2
636	чем это	5	2
637	и иной	2	2
638	и становится	1	2
639	но сама	1	2
640	связей в	1	2
641	внутренней жизни	1	2
642	ближе к	2	2
643	этих моментов	1	2
644	не возникает	2	2
645	но я	1	2
646	той мере	2	2
647	мы видим	10	2
648	к их	1	2
649	возвращение к	1	2
650	от его	2	2
651	время и	1	2
652	при переходе	9	2
653	внутренней и	2	2
654	что при	4	2
655	бытия и	1	2
656	не удается	1	2
657	мы можем	7	2
658	там и	1	2
659	что между	2	2
660	не путем	2	2
661	отношения между	8	2
662	любая фраза	1	2
663	внутреннее единство	2	2
664	том же	7	2
665	к чему	1	2
666	он оказывается	1	2
667	как его	1	2
668	исходит из	2	2
669	всех и	1	2
670	но ведь	1	2
671	учение о	3	2
672	по одному	1	2
673	же точно	6	2
674	дважды в	1	2
675	зрения и	1	2
676	о которых	3	2
677	а только	2	2
678	например как	1	2
679	я был	1	2
680	равной мере	2	2
681	которая является	3	2
682	не означает	4	2
683	разрыв между	4	2
684	данный момент	1	2
685	к любой	1	2
686	остается вне	1	2
687	что меня	1	2
688	этой точки	4	2
689	не тот	1	2
690	согласуется с	1	2
691	этих трех	1	2
692	здесь мы	2	2
693	логическое отношение	1	2
694	вообще не	6	2
695	окружающими его	1	2
696	но зато	1	2
697	одно и	3	2
698	не приходится	1	2
699	сущности говоря	6	2
700	не могла	2	2
701	в форме	1	2
702	ли я	1	2
703	но отнюдь	1	2
704	этот вопрос	2	2
705	когда мы	2	2
706	к первому	1	2
707	то о	5	2
708	оно и	1	2
709	только с	2	2
710	что во	1	2
711	моментов в	2	2
712	и др	1	2
713	это делает	1	2
714	обратимся к	3	2
715	мы будем	1	2
716	другого как	1	2
717	качестве своего	1	2
718	не случайным	1	2
719	воззрений на	1	2
720	и сами	1	2
721	до сих	6	2
722	та же	2	2
723	за ним	3	2
724	и свою	1	2
725	на первой	1	2
726	в специальном	1	2
727	своего собственного	1	2
728	ним и	1	2
729	и при	2	2
730	и должно	1	2
731	что это	7	2
732	ни единого	1	2
733	о которой	2	2
734	том и	3	2
735	со всеми	2	2
736	все его	1	2
737	должен был	2	2
738	с этого	1	2
739	которое как	1	2
740	собой и	1	2
741	в обратном	2	2
742	между которыми	2	2
743	в среднем	1	2
744	целого но	1	2
745	ни одно	1	2
746	оно есть	5	2
747	обозначить как	1	2
748	всем протяжении	4	2
749	на месте	1	2
750	значения и	3	2
751	в процессе	12	2
752	отталкиваясь от	1	2
753	оказывается как	1	2
754	и просто	1	2
755	которого является	1	2
756	не имеет	6	2
757	может не	1	2
758	всей своей	1	2
759	к другому	5	2
760	языка на	2	2
761	думать что	1	2
762	бы с	2	2
763	двух основных	1	2
764	объекта в	1	2
765	в отдельности	1	2
766	и второй	1	2
767	у меня	1	2
768	на два	1	2
769	на это	1	2
770	время в	3	2
771	своей внутренней	2	2
772	слов и	6	2
773	от других	1	2
774	внимания на	1	2
775	при помощи	1	2
776	также оказывается	1	2
777	непосредственно к	1	2
778	ибо он	1	2
779	к третьему	1	2
780	не для	2	2
781	во внешней	4	2
782	тем же	8	2
783	начиная с	1	2
784	из первых	1	2
785	для всего	2	2
786	он может	1	2
787	который по	2	2
788	но если	5	2
789	все их	1	2
790	появляется в	1	2
791	в самой	3	2
792	другого и	1	2
793	как основной	1	2
794	одних и	1	2
795	значение в	3	2
796	рода и	2	2
797	мы вынуждены	1	2
798	только по	5	2
799	что несмотря	1	2
800	зависит от	3	2
801	и вот	1	2
802	он как	1	2
803	переходе к	1	2
804	что с	7	2
805	для нас	4	2
806	одновременно и	3	2
807	и п	1	2
808	у нас	3	2
809	смысле этого	4	2
810	как нечто	1	2
811	слова не	1	2
812	все равно	2	2
813	в ином	3	2
814	раз в	4	2
815	образом в	5	2
816	без остатка	1	2
817	но эта	2	2
818	совершенно особого	1	2
819	по существу	2	2
820	с теми	2	2
821	внимание в	1	2
822	более что	1	2
823	анна каренина	1	2
824	случаях когда	1	2
825	на все	1	2
826	на всем	5	2
827	бы мы	1	2
828	бы дать	2	2
829	с другом	6	2
830	которой он	2	2
831	и таким	1	2
832	в одной	6	2
833	собственный голос	1	2
834	как формы	1	2
835	к одному	1	2
836	как показывает	7	2
837	и внутреннее	1	2
838	там где	7	2
839	до тех	1	2
840	оно в	1	2
841	отсюда и	1	2
842	нет и	4	2
843	это как	1	2
844	не решает	1	2
845	следовало ожидать	1	2
846	то и	5	2
847	фактов в	1	2
848	не по	7	2
849	но всегда	2	2
850	и фактически	1	2
851	по сути	1	2
852	самое время	1	2
853	в большинстве	2	2
854	прежде чем	3	2
855	к понятию	4	2
856	чего она	1	2
857	а скорее	1	2
858	бы он	1	2
859	не можем	4	2
860	как внутреннее	1	2
861	не оставляет	2	2
862	по этому	4	2
863	как внутренняя	1	2
864	по законам	1	2
865	все более	2	2
866	и только	7	2
867	и ту	1	2
868	характер в	1	2
869	что было	2	1
870	с которыми	3	1
871	мы обратимся	1	1
872	что говорится	2	1
873	они являются	1	1
874	с помощью	18	1
875	открывается возможность	1	1
876	к действительности	2	1
877	и другие	1	1
878	пределах одного	1	1
879	в единую	2	1
880	и целиком	1	1
881	каждой из	5	1
882	этой специфической	1	1
883	речи то	4	1
884	к словесному	1	1
885	примером в	1	1
886	различия в	1	1
887	другим и	3	1
888	место слияние	1	1
889	выводу что	3	1
890	только что	7	1
891	которая будет	1	1
892	самого себя	1	1
893	которых предпринимается	1	1
894	в структуру	6	1
895	в сферу	3	1
896	все люди	1	1
897	некоторой степени	1	1
898	что один	1	1
899	первую очередь	3	1
900	степени как	1	1
901	в стороне	1	1
902	вещи и	2	1
903	для возникновения	2	1
904	в большей	2	1
905	мысли и	13	1
906	привести к	4	1
907	целому и	3	1
908	по общему	1	1
909	жить и	2	1
910	что то	4	1
911	сторона этой	1	1
912	с более	2	1
913	язык как	1	1
914	нас в	4	1
915	в общей	1	1
916	феноменов и	2	1
917	самом же	1	1
918	только тогда	1	1
919	не годится	1	1
920	случае он	1	1
921	первой и	3	1
922	по способу	1	1
923	смысла речи	1	1
924	по мере	10	1
925	с собой	3	1
926	отношений в	1	1
927	в рамки	1	1
928	те свойства	1	1
929	этой последней	2	1
930	и остальной	1	1
931	границы между	2	1
932	в предыдущей	1	1
933	чтобы в	1	1
934	значительно ниже	1	1
935	это во-первых	1	1
936	каждое новое	1	1
937	но все	2	1
938	от одного	3	1
939	вещь в	1	1
940	они относятся	1	1
941	значения в	2	1
942	на общий	1	1
943	каким образом	3	1
944	новой формы	1	1
945	из самых	1	1
946	слова с	5	1
947	первого слова	1	1
948	и полагает	1	1
949	на элементы	2	1
950	что исключает	1	1
951	он полагает	1	1
952	спор с	1	1
953	она является	2	1
954	этой речи	7	1
955	говорят о	1	1
956	которая выступает	1	1
957	исходить из	2	1
958	для своей	1	1
959	развития но	1	1
960	его на	1	1
961	начинается с	2	1
962	общими для	1	1
963	от первой	1	1
964	связях и	1	1
965	в цепи	1	1
966	анализа является	1	1
967	опять как	1	1
968	мысли о	1	1
969	по форме	1	1
970	наличие или	1	1
971	предмета и	3	1
972	элементы не	1	1
973	структуру а	2	1
974	внутренней речью	10	1
975	что оба	2	1
976	этим самым	2	1
977	только частный	1	1
978	действительность в	2	1
979	как обычно	1	1
980	и из	2	1
981	чем мы	3	1
982	и означает	1	1
983	природа этого	1	1
984	вступая в	1	1
985	говорится о	1	1
986	к всеобщему	1	1
987	ситуации в	4	1
988	в первую	3	1
989	года до	1	1
990	и жизнь	1	1
991	все основания	1	1
992	с родным	1	1
993	знаем о	2	1
994	напротив только	1	1
995	о чем-то	1	1
996	по тем	3	1
997	человека не	1	1
998	речевого акта	1	1
999	в пределе	3	1
1000	единицы понимая	1	1
1001	на следующем	1	1
1002	мы увидим	1	1
1003	пор пока	1	1
1004	убедиться в	1	1
1005	мере не	2	1
1006	только как	2	1
1007	но даже	2	1
1008	но то	2	1
1009	случае она	1	1
1010	другом в	1	1
1011	и другой	3	1
1012	оно как	1	1
1013	заключается что	1	1
1014	которыми он	2	1
1015	затем уже	1	1
1016	в этот	3	1
1017	своим собственным	1	1
1018	котором по	1	1
1019	деятельности для	1	1
1020	берет начало	1	1
1021	продолжить эту	1	1
1022	смысле слова	1	1
1023	предпринимается анализ	1	1
1024	имеет дело	1	1
1025	этими последними	1	1
1026	между отдельными	4	1
1027	не исключает	2	1
1028	трех моментов	1	1
1029	возможность видеть	1	1
1030	не об	1	1
1031	точно так	3	1
1032	и родного	1	1
1033	приходит к	1	1
1034	ни вообще	1	1
1035	и значение	5	1
1036	говорит что	3	1
1037	уже как	1	1
1038	словесного выражения	1	1
1039	своем значении	2	1
1040	является скорее	1	1
1041	вещь а	1	1
1042	что ее	2	1
1043	и внутренней	3	1
1044	до того	2	1
1045	голос и	1	1
1046	что те	1	1
1047	то можно	1	1
1048	в оправдание	1	1
1049	хотел сказать	3	1
1050	всего этого	1	1
1051	мы привыкли	1	1
1052	наедине с	2	1
1053	ни одного	1	1
1054	мы ощущаем	2	1
1055	эволюционный процесс	1	1
1056	о своеобразном	1	1
1057	и еще	1	1
1058	это единство	2	1
1059	этим моментам	1	1
1060	отдельности и	1	1
1061	ее как	2	1
1062	анализа как	1	1
1063	не совпадать	1	1
1064	как для	2	1
1065	м о	1	1
1066	в основу	1	1
1067	такая же	1	1
1068	языка как	1	1
1069	путь от	1	1
1070	слово не	4	1
1071	речь не	6	1
1072	входят в	2	1
1073	все время	3	1
1074	ее внутренней	2	1
1075	интерпретации на	1	1
1076	понимаю что	1	1
1077	не умеет	2	1
1078	описанию этого	1	1
1079	все многообразие	1	1
1080	оно представляет	2	1
1081	иным как	2	1
1082	разложения на	2	1
1083	речь о	1	1
1084	противоположном случае	1	1
1085	и внутренняя	1	1
1086	не мыслится	1	1
1087	однажды в	1	1
1088	элементов не	1	1
1089	с мертвой	1	1
1090	ином отношении	1	1
1091	возникающая в	1	1
1092	к этим	1	1
1093	и входит	1	1
1094	своей сущности	1	1
1095	этом же	1	1
1096	была осознана	1	1
1097	и речь	3	1
1098	все перечисленные	1	1
1099	во внутреннюю	4	1
1100	имеет места	1	1
1101	чем более	3	1
1102	любой другой	2	1
1103	свойства целого	1	1
1104	своего развития	4	1
1105	в лингвистике	1	1
1106	восприятии и	1	1
1107	говорит как	1	1
1108	ответа на	1	1
1109	невозможно рассматривать	1	1
1110	путь не	1	1
1111	внутреннюю структуру	1	1
1112	контакт между	1	1
1113	и определяющим	1	1
1114	от слов	1	1
1115	и весь	3	1
1116	как между	1	1
1117	других как	1	1
1118	при котором	2	1
1119	и оба	1	1
1120	непосредственное восприятие	1	1
1121	первый и	1	1
1122	это остается	2	1
1123	обратно в	2	1
1124	мышления и	16	1
1125	в противоположном	2	1
1126	хотелось бы	1	1
1127	о двух	1	1
1128	нельзя сказать	2	1
1129	непосредственного восприятия	1	1
1130	после того	1	1
1131	во взаимном	1	1
1132	целого ради	1	1
1133	своему содержанию	1	1
1134	что каждая	2	1
1135	она в	2	1
1136	нашей работы	3	1
1137	что я	1	1
1138	что уже	2	1
1139	мы знаем	5	1
1140	говоря это	1	1
1141	принадлежности к	1	1
1142	начала и	1	1
1143	от одних	3	1
1144	приводит нас	4	1
1145	не владеет	1	1
1146	союзов и	1	1
1147	связей и	3	1
1148	внутренней стороны	2	1
1149	указанных выше	1	1
1150	поэтому всякое	1	1
1151	обратил внимание	1	1
1152	чем у	3	1
1153	как целого	1	1
1154	что такое	2	1
1155	и сама	1	1
1156	рассматривать его	1	1
1157	первым кто	1	1
1158	состоящий в	1	1
1159	целом но	1	1
1160	они в	1	1
1161	к определенному	2	1
1162	это слово	1	1
1163	который совершенно	2	1
1164	совершенно иначе	2	1
1165	противоречие между	3	1
1166	не связанным	1	1
1167	что впрочем	1	1
1168	судьба есть	1	1
1169	распространяется на	1	1
1170	не совпадают	7	1
1171	случилось с	1	1
1172	русской речи	1	1
1173	в несколько	1	1
1174	означает как	1	1
1175	объекту не	1	1
1176	и отношения	3	1
1177	пути и	3	1
1178	как по	5	1
1179	означает в	2	1
1180	что его	2	1
1181	во внимание	1	1
1182	наконец не	1	1
1183	следует рассматривать	1	1
1184	по аналогии	1	1
1185	была в	2	1
1186	его мысли	5	1
1187	существование их	1	1
1188	в понятии	5	1
1189	внутреннюю речь	12	1
1190	смысловое содержание	1	1
1191	между этими	3	1
1192	другой вещи	1	1
1193	указывая на	1	1
1194	эти три	2	1
1195	себя как	1	1
1196	же как	14	1
1197	большинстве случаев	2	1
1198	рядом с	2	1
1199	чем иным	2	1
1200	без которого	1	1
1201	и вместе	2	1
1202	фактами которые	1	1
1203	от этого	3	1
1204	представляется едва	1	1
1205	тенденцией к	1	1
1206	операция как	1	1
1207	структуры ее	1	1
1208	больше и	2	1
1209	должно было	2	1
1210	нам человека	1	1
1211	в интонации	1	1
1212	производит впечатление	2	1
1213	работы по	1	1
1214	общим для	1	1
1215	себе и	2	1
1216	к мысли	5	1
1217	достигает своего	2	1
1218	из одного	2	1
1219	начало нового	1	1
1220	делает его	1	1
1221	полагает что	2	1
1222	и у	1	1
1223	что их	2	1
1224	и первый	2	1
1225	действительности и	1	1
1226	и крайне	1	1
1227	с вопросом	1	1
1228	их со	1	1
1229	но содержат	1	1
1230	самой себе	1	1
1231	нам остается	2	1
1232	сказал он	2	1
1233	объяснению но	1	1
1234	всей их	1	1
1235	точкой зрения	1	1
1236	не сумел	1	1
1237	и оказывает	1	1
1238	образом с	1	1
1239	единство а	1	1
1240	слово есть	1	1
1241	если оно	2	1
1242	того в	1	1
1243	не осознается	1	1
1244	только путем	1	1
1245	факт не	1	1
1246	он приобрел	2	1
1247	идет по	3	1
1248	они же	1	1
1249	в живой	2	1
1250	в целях	1	1
1251	к предложению	1	1
1252	от элементов	1	1
1253	подлежащих объяснению	1	1
1254	что анализ	1	1
1255	брат как	1	1
1256	очень часто	2	1
1257	мере как	2	1
1258	и синтаксически	1	1
1259	раз что	2	1
1260	при отсутствии	1	1
1261	спор в	1	1
1262	рост и	1	1
1263	в работе	1	1
1264	и речи	19	1
1265	совсем не	2	1
1266	сознательное и	1	1
1267	эти слова	1	1
1268	за столом	1	1
1269	анализу в	1	1
1270	отношение между	7	1
1271	нам еще	1	1
1272	а ее	1	1
1273	вообще чужда	1	1
1274	на чем	1	1
1275	именно потому	1	1
1276	все основные	1	1
1277	с аналогичной	1	1
1278	недоступной для	1	1
1279	в контакте	1	1
1280	в деятельности	1	1
1281	как отмечает	1	1
1282	на всяком	1	1
1283	если же	2	1
1284	должны быть	5	1
1285	за ними	1	1
1286	ничего нового	3	1
1287	при такой	1	1
1288	для установления	1	1
1289	в приведенном	1	1
1290	ради которых	1	1
1291	но только	5	1
1292	тем и	2	1
1293	такое что	3	1
1294	его жизнь	1	1
1295	с переводом	1	1
1296	скорее предполагает	1	1
1297	и убедительным	1	1
1298	б это	1	1
1299	и затем	1	1
1300	в современной	2	1
1301	проникнуть в	1	1
1302	решение вопроса	1	1
1303	то во	1	1
1304	в нее	1	1
1305	быть поставлены	2	1
1306	должны были	2	1
1307	на единицы	1	1
1308	никакой возможности	1	1
1309	которого в	1	1
1310	не совпадает	5	1
1311	мысли от	5	1
1312	первоначальном виде	1	1
1313	к языку	1	1
1314	оно неизмеримо	1	1
1315	к резкому	2	1
1316	нельзя не	2	1
1317	ту сторону	1	1
1318	в поведении	1	1
1319	что для	3	1
1320	подлинное единство	2	1
1321	этот путь	3	1
1322	это приводит	1	1
1323	качестве одного	1	1
1324	в новый	2	1
1325	как любая	1	1
1326	роль при	1	1
1327	но ее	1	1
1328	на отдельные	1	1
1329	даже если	2	1
1330	с которым	1	1
1331	согласно учению	1	1
1332	случае речь	2	1
1333	всем остальным	1	1
1334	процесса и	2	1
1335	неразрывно связана	1	1
1336	за себя	1	1
1337	а главное	1	1
1338	одно слово	1	1
1339	дает ему	1	1
1340	мышление человека	1	1
1341	которые могут	1	1
1342	где мы	2	1
1343	лишь по	1	1
1344	себя но	2	1
1345	слова еще	1	1
1346	и постепенное	2	1
1347	уже с	1	1
1348	как теперь	1	1
1349	эта фраза	1	1
1350	от нее	3	1
1351	на деле	2	1
1352	связи и	3	1
1353	собственном смысле	4	1
1354	от предложения	1	1
1355	выше с	1	1
1356	а потому	1	1
1357	и тончайшая	1	1
1358	от до	1	1
1359	и против	2	1
1360	как одна	1	1
1361	приближается к	1	1
1362	обоих этих	1	1
1363	мы встречаем	2	1
1364	отношению ко	1	1
1365	углу комнаты	1	1
1366	они и	2	1
1367	не мешает	1	1
1368	словом которое	1	1
1369	представить себе	5	1
1370	в углу	1	1
1371	них в	1	1
1372	вещей но	1	1
1373	жизни а	1	1
1374	в основном	4	1
1375	и вследствие	1	1
1376	другой а	1	1
1377	он только	1	1
1378	способу своего	1	1
1379	его с	3	1
1380	на ее	2	1
1381	к общему	4	1
1382	же образом	1	1
1383	до некоторой	1	1
1384	к установлению	2	1
1385	по собственному	1	1
1386	из одних	2	1
1387	целого ряда	1	1
1388	а проза	1	1
1389	здесь он	1	1
1390	падает до	2	1
1391	ударения на	1	1
1392	полноту и	1	1
1393	этот принцип	1	1
1394	все те	2	1
1395	речи как	9	1
1396	с внешней	5	1
1397	их как	2	1
1398	к выводу	4	1
1399	начальной стадии	1	1
1400	книгу а	1	1
1401	предложения к	1	1
1402	только имеет	1	1
1403	для них	1	1
1404	и делает	2	1
1405	первых же	1	1
1406	себе оба	1	1
1407	речи от	5	1
1408	и объектом	1	1
1409	мы встречаемся	2	1
1410	они были	1	1
1411	такого же	1	1
1412	этого процесса	3	1
1413	о природе	9	1
1414	функции и	4	1
1415	короче говоря	2	1
1416	однако мы	1	1
1417	которые следует	1	1
1418	с ней	3	1
1419	в наших	8	1
1420	в соответствующей	2	1
1421	существенно и	1	1
1422	одновременно с	1	1
1423	два полюса	1	1
1424	себя с	1	1
1425	с прежним	1	1
1426	тем менее	1	1
1427	развития в	5	1
1428	есть слово	1	1
1429	языка является	1	1
1430	уже говорили	2	1
1431	быть понят	2	1
1432	и будет	1	1
1433	то время	8	1
1434	останавливались на	1	1
1435	к которым	1	1
1436	относятся к	1	1
1437	сути дела	2	1
1438	из тех	2	1
1439	от научного	1	1
1440	всякий другой	1	1
1441	как не	1	1
1442	меньшей мере	3	1
1443	мы ни	2	1
1444	состоит из	1	1
1445	с полной	1	1
1446	в которых	3	1
1447	том смысле	2	1
1448	возникает во	2	1
1449	течение мысли	1	1
1450	у одного	2	1
1451	состоит как	1	1
1452	простом первоначальном	1	1
1453	том как	2	1
1454	внешняя речь	3	1
1455	между ним	1	1
1456	которого не	2	1
1457	года и	1	1
1458	и всей	3	1
1459	аналогии с	1	1
1460	стороны с	2	1
1461	слов которые	1	1
1462	фразы и	1	1
1463	в любой	2	1
1464	к той	1	1
1465	случае как	1	1
1466	они по	1	1
1467	без которых	1	1
1468	над ним	1	1
1469	этому же	2	1
1470	смысле что	3	1
1471	сущности анализ	1	1
1472	одним и	2	1
1473	мысли или	1	1
1474	достигается не	1	1
1475	разрешению конкретных	1	1
1476	в прозе	1	1
1477	поэтому не	1	1
1478	которой лежит	2	1
1479	сказано что	1	1
1480	конкретных проблем	2	1
1481	где у	1	1
1482	является также	1	1
1483	свой путь	1	1
1484	но специфически	1	1
1485	из функций	1	1
1486	это понятие	1	1
1487	ни у	1	1
1488	внешние проявления	1	1
1489	такие продукты	1	1
1490	движение от	7	1
1491	за словами	1	1
1492	об одном	4	1
1493	методом разложения	2	1
1494	оба эти	10	1
1495	тогда я	1	1
1496	классический пример	1	1
1497	зрения как	2	1
1498	на той	1	1
1499	них самих	1	1
1500	на том	2	1
1501	ее до	1	1
1502	только мы	1	1
1503	это все	1	1
1504	совершается как	3	1
1505	процесса при	1	1
1506	к разрешению	1	1
1507	а другой	2	1
1508	наш анализ	1	1
1509	было ожидать	1	1
1510	не до	2	1
1511	особый тип	1	1
1512	слова и	10	1
1513	и уже	1	1
1514	и теперь	1	1
1515	в ранг	1	1
1516	всего на	1	1
1517	для меня	1	1
1518	то все	1	1
1519	есть то	4	1
1520	не могло	3	1
1521	значение для	2	1
1522	в это	1	1
1523	продукты анализа	1	1
1524	отношении к	4	1
1525	да в	1	1
1526	этот переход	1	1
1527	и подлежащих	1	1
1528	и наиболее	2	1
1529	идет не	1	1
1530	целый ряд	6	1
1531	себе ничего	4	1
1532	к совершенно	2	1
1533	сложно построенного	1	1
1534	тот факт	2	1
1535	в совершенно	3	1
1536	является главным	1	1
1537	в истории	1	1
1538	всю полноту	1	1
1539	это имеет	1	1
1540	цели и	1	1
1541	себя от	2	1
1542	в каком	2	1
1543	еще один	2	1
1544	вопрос можно	1	1
1545	понимая под	1	1
1546	через него	1	1
1547	движения по	2	1
1548	же рода	1	1
1549	связанных с	2	1
1550	всех трех	1	1
1551	слова были	1	1
1552	сложное единство	2	1
1553	между людьми	1	1
1554	что здесь	2	1
1555	и там	3	1
1556	совпадают и	1	1
1557	переход от	5	1
1558	мышления но	2	1
1559	всего своего	1	1
1560	в данной	1	1
1561	ее не	1	1
1562	в сфере	8	1
1563	привел к	1	1
1564	если мы	6	1
1565	она возникает	4	1
1566	всех остальных	2	1
1567	они оказываются	1	1
1568	конца и	2	1
1569	друга а	1	1
1570	может оказаться	1	1
1571	только при	1	1
1572	слова он	2	1
1573	для уяснения	2	1
1574	было никакой	1	1
1575	в каждый	1	1
1576	к объяснению	2	1
1577	мужского рода	1	1
1578	ассоциацию с	1	1
1579	бы сказать	4	1
1580	того с	1	1
1581	последней в	1	1
1582	языка а	1	1
1583	своей полноте	1	1
1584	языка но	2	1
1585	обращение к	1	1
1586	со словом	1	1
1587	других ее	2	1
1588	мышление в	1	1
1589	свою силу	4	1
1590	одного только	2	1
1591	представленных в	2	1
1592	не видит	2	1
1593	в и	1	1
1594	на этих	2	1
1595	так называемое	1	1
1596	друг друга	9	1
1597	и после	1	1
1598	участия в	1	1
1599	в классической	1	1
1600	это случилось	1	1
1601	точку зрения	4	1
1602	с толпой	1	1
1603	иногда в	1	1
1604	совпадать с	1	1
1605	сомнения в	2	1
1606	формы и	1	1
1607	из этой	1	1
1608	единство в	1	1
1609	он должен	1	1
1610	определенному типу	1	1
1611	прийти к	1	1
1612	могли быть	2	1
1613	воззрения на	1	1
1614	об их	1	1
1615	именно к	1	1
1616	во внешних	1	1
1617	в любви	2	1
1618	обе стороны	2	1
1619	но оно	1	1
1620	но на	3	1
1621	в более	1	1
1622	в гораздо	1	1
1623	что оно	9	1
1624	и всякий	1	1
1625	мышления в	6	1
1626	сложившуюся систему	1	1
1627	со времен	1	1
1628	не поддается	1	1
1629	когда речь	1	1
1630	обратное движение	2	1
1631	ничем не	1	1
1632	от внешнего	1	1
1633	рассматривать не	1	1
1634	которая вся	1	1
1635	но прежде	1	1
1636	является на	1	1
1637	только самим	1	1
1638	точной характеристике	1	1
1639	этот процесс	1	1
1640	предпосылки в	1	1
1641	борьба и	1	1
1642	по сходству	1	1
1643	того как	6	1
1644	факт это	1	1
1645	что самая	1	1
1646	и матери	1	1
1647	между полюсами	2	1
1648	который мог	1	1
1649	не станем	3	1
1650	требования к	1	1
1651	иной ситуации	1	1
1652	естественно что	3	1
1653	чем дело	3	1
1654	значением не	1	1
1655	и новое	1	1
1656	оказывается одновременно	1	1
1657	или отсутствие	1	1
1658	в наличии	1	1
1659	может остаться	2	1
1660	первом месте	1	1
1661	силу и	1	1
1662	возможно только	4	1
1663	по ту	1	1
1664	з и	1	1
1665	в третьей	1	1
1666	научные и	1	1
1667	которого только	1	1
1668	согласно которому	1	1
1669	содержат в	4	1
1670	поэтому наше	1	1
1671	сказанного выше	2	1
1672	к внутренней	7	1
1673	не исчерпывает	2	1
1674	при виде	1	1
1675	бы для	1	1
1676	от друга	3	1
1677	смыкаются в	1	1
1678	содержание в	2	1
1679	внутренняя речь	17	1
1680	является таким	1	1
1681	слова которые	1	1
1682	первым и	1	1
1683	артикуляции и	1	1
1684	скорее в	1	1
1685	входить в	1	1
1686	начала в	1	1
1687	речи ее	3	1
1688	существует как	1	1
1689	за этим	1	1
1690	самом простом	2	1
1691	и развитие	1	1
1692	места в	1	1
1693	этого нельзя	1	1
1694	с осознания	2	1
1695	других к	1	1
1696	это возможно	1	1
1697	и нарастает	1	1
1698	и другое	4	1
1699	сравним с	1	1
1700	не могли	5	1
1701	включающее в	1	1
1702	из общей	1	1
1703	расчленяющим сложное	1	1
1704	в уме	4	1
1705	как она	6	1
1706	случаи в	1	1
1707	очередь является	1	1
1708	виде в	1	1
1709	но по	1	1
1710	анекдот в	1	1
1711	и само	1	1
1712	с тенденцией	1	1
1713	почти до	1	1
1714	является не	4	1
1715	как можно	1	1
1716	языка по	1	1
1717	и высшей	1	1
1718	спор между	1	1
1719	вспомнить о	2	1
1720	мы находим	3	1
1721	только и	5	1
1722	в каждой	4	1
1723	что тот	1	1
1724	за его	1	1
1725	и вообще	3	1
1726	свойств присущих	2	1
1727	выражение и	1	1
1728	на них	1	1
1729	анализа которые	1	1
1730	и сознания	1	1
1731	чисто внешним	1	1
1732	ряда и	1	1
1733	сказать и	1	1
1734	утрачивают свойств	1	1
1735	начале своего	1	1
1736	же деле	1	1
1737	предположить что	1	1
1738	одновременно из	1	1
1739	каждой конкретной	1	1
1740	которого и	1	1
1741	также что	1	1
1742	нас и	2	1
1743	и других	5	1
1744	и происходит	1	1
1745	человеческого сознания	2	1
1746	смысл данного	1	1
1747	объекту в	1	1
1748	она должна	2	1
1749	после нее	1	1
1750	мы сделали	2	1
1751	в самых	2	1
1752	своя особенная	1	1
1753	на мысль	1	1
1754	который мы	6	1
1755	выше в	1	1
1756	силе и	1	1
1757	другой в	1	1
1758	обстоит дело	2	1
1759	что является	2	1
1760	его речь	1	1
1761	этом мы	1	1
1762	обнаруживается и	1	1
1763	говорить не	1	1
1764	на периферии	1	1
1765	есть нечто	1	1
1766	есть как	1	1
1767	и во-вторых	4	1
1768	связана с	4	1
1769	а по	4	1
1770	но она	1	1
1771	другой к	2	1
1772	могли не	1	1
1773	наоборот в	2	1
1774	когда интонация	1	1
1775	есть и	1	1
1776	самое что	3	1
1777	но такое	1	1
1778	отношений между	11	1
1779	к анализу	4	1
1780	оказывается что	2	1
1781	перед исследователем	1	1
1782	независима от	1	1
1783	этот факт	4	1
1784	факт что	2	1
1785	что нам	2	1
1786	и своя	1	1
1787	даже при	2	1
1788	стороны и	6	1
1789	останавливаться на	1	1
1790	к которой	3	1
1791	последними такие	1	1
1792	но напротив	3	1
1793	слова или	1	1
1794	на всю	1	1
1795	у нее	5	1
1796	или как	1	1
1797	как то	1	1
1798	признать что	2	1
1799	и всех	1	1
1800	и самой	1	1
1801	единство их	1	1
1802	этого не	1	1
1803	с возвращением	1	1
1804	на речь	1	1
1805	иного типа	1	1
1806	поскольку оно	1	1
1807	числе и	2	1
1808	вещи или	1	1
1809	что можно	2	1
1810	всегда наличествует	1	1
1811	напоминать об	1	1
1812	сохраняет свою	2	1
1813	частный случай	4	1
1814	к ней	2	1
1815	что если	2	1
1816	со своими	1	1
1817	начинают свой	1	1
1818	самой своей	5	1
1819	понятия о	2	1
1820	к изучению	4	1
1821	в понимании	2	1
1822	в плане	3	1
1823	к моменту	1	1
1824	все больше	3	1
1825	фоне которых	1	1
1826	в другую	3	1
1827	остается на	1	1
1828	выражения в	3	1
1829	это место	1	1
1830	этом и	2	1
1831	свести к	1	1
1832	связи между	11	1
1833	но пожалуй	1	1
1834	эту мысль	3	1
1835	друг от	3	1
1836	речи первое	1	1
1837	и точно	1	1
1838	в словесной	1	1
1839	не утрачивают	1	1
1840	проявляющихся в	1	1
1841	есть сложное	1	1
1842	происходит в	2	1
1843	язык в	2	1
1844	с предметом	3	1
1845	к женщине	1	1
1846	себя а	1	1
1847	в виде	2	1
1848	рассказывает о	1	1
1849	и отношений	4	1
1850	виде те	1	1
1851	слова б	1	1
1852	присущих целому	2	1
1853	поведении и	1	1
1854	нам как	1	1
1855	можно обозначить	1	1
1856	это в	2	1
1857	само собой	2	1
1858	надо признать	1	1
1859	же самые	1	1
1860	эти два	1	1
1861	есть само	1	1
1862	с фактами	1	1
1863	предполагает их	1	1
1864	конце концов	1	1
1865	возвращением в	1	1
1866	не это	1	1
1867	все возможные	1	1
1868	он с	2	1
1869	само по	1	1
1870	нет я	1	1
1871	это отнюдь	1	1
1872	вытекают из	1	1
1873	вообще как	1	1
1874	возможность чисто	1	1
1875	для другого	1	1
1876	из двух	3	1
1877	степени и	1	1
1878	сторону речи	2	1
