N	2gram	Losev_Vlad_3	Myshleni
1	в том	18	42
2	том что	18	35
3	в процессе	1	27
4	таким образом	11	25
5	в этом	16	24
6	точки зрения	13	24
7	в качестве	3	21
8	и в	40	20
9	что в	17	19
10	заключается в	1	18
11	в основе	1	17
12	то же	4	16
13	не только	25	15
14	то что	28	15
15	что они	1	14
16	мышления и	1	14
17	как мы	8	13
18	в их	2	12
19	при этом	3	12
20	может быть	8	12
21	с другой	5	12
22	потому что	11	12
23	с точки	6	11
24	в его	14	11
25	так же	8	11
26	этого слова	1	11
27	в целом	2	11
28	мы должны	4	11
29	и то	9	10
30	в истории	5	10
31	в себе	9	10
32	в отношении	5	10
33	своего развития	1	10
34	того что	7	10
35	мы видим	1	10
36	только в	13	10
37	если мы	4	10
38	так как	7	10
39	того же	2	9
40	и другие	1	9
41	и как	7	9
42	как и	7	9
43	мы могли	1	9
44	что и	7	9
45	с одной	3	9
46	одной стороны	3	9
47	как это	4	9
48	другой стороны	2	9
49	но и	18	9
50	и тем	3	8
51	было бы	4	8
52	этом смысле	3	8
53	и что	8	8
54	вместе с	7	8
55	и не	25	8
56	в результате	4	8
57	самом деле	1	7
58	один и	1	7
59	в своей	9	7
60	и более	2	7
61	тем самым	2	7
62	же самое	3	7
63	того чтобы	3	7
64	тем что	5	7
65	этом отношении	2	7
66	а не	8	7
67	что мы	2	7
68	как бы	3	7
69	же как	3	6
70	в самом	4	6
71	и на	6	6
72	тому же	5	6
73	одно и	2	6
74	те же	1	6
75	с тем	7	6
76	мы видели	3	6
77	к одному	1	6
78	по своей	2	6
79	к тому	7	6
80	можно было	5	6
81	в силу	2	6
82	его в	2	6
83	что он	5	6
84	уже в	3	6
85	не может	14	6
86	такого рода	4	6
87	сказать что	12	6
88	речь идет	1	5
89	мы уже	5	5
90	как в	1	5
91	с этим	2	5
92	все же	4	5
93	перед нами	3	5
94	и к	2	5
95	в действительности	1	5
96	все эти	5	5
97	на то	4	5
98	это не	3	5
99	только не	1	5
100	и его	10	5
101	не является	2	5
102	никогда не	11	5
103	так и	6	5
104	если бы	3	5
105	о том	11	5
106	не совпадают	1	5
107	для того	2	5
108	в частности	1	5
109	слова и	1	5
110	этой теории	1	4
111	в сущности	2	4
112	первый план	2	4
113	в своем	8	4
114	в нашем	2	4
115	как он	1	4
116	и с	9	4
117	первую очередь	1	4
118	с этой	2	4
119	на первый	2	4
120	в первую	1	4
121	и при	1	4
122	которые в	1	4
123	не в	3	4
124	тому что	4	4
125	что с	1	4
126	роль в	2	4
127	и только	3	4
128	с нашей	1	4
129	словом и	1	4
130	только что	2	4
131	является не	3	4
132	из них	2	4
133	друг друга	2	4
134	во всей	1	4
135	тех и	1	4
136	по своему	1	4
137	обратимся к	1	4
138	в смысле	6	4
139	и для	3	4
140	для нас	5	4
141	между ними	1	4
142	к этому	2	4
143	во всяком	3	4
144	этой точки	1	4
145	как известно	1	3
146	не имеют	2	3
147	с таким	2	3
148	в виду	3	3
149	в чем	3	3
150	а только	7	3
151	себе и	2	3
152	в настоящем	2	3
153	отнюдь не	5	3
154	когда он	1	3
155	говорит что	1	3
156	не являются	1	3
157	но в	4	3
158	в которой	2	3
159	в этой	8	3
160	он пользуется	1	3
161	мышление не	1	3
162	что все	7	3
163	различие между	1	3
164	на все	1	3
165	знает что	1	3
166	и других	1	3
167	на данной	1	3
168	ни в	10	3
169	чем в	4	3
170	в один	1	3
171	в этих	2	3
172	мы говорили	1	3
173	оно стало	1	3
174	важную роль	1	3
175	не менее	9	3
176	что эта	2	3
177	и является	1	3
178	во всем	6	3
179	связи с	2	3
180	не могут	2	3
181	ничего общего	5	3
182	должно быть	5	3
183	развития и	1	3
184	и поэтому	1	3
185	внимание на	1	3
186	является в	2	3
187	и во	1	3
188	которые мы	1	3
189	один из	1	3
190	одной из	2	3
191	но не	4	3
192	в какой	2	3
193	всяком случае	3	3
194	так что	14	3
195	от тех	1	3
196	из одной	1	3
197	но что	2	3
198	от того	4	3
199	со стороны	2	3
200	на этот	1	3
201	именно в	3	3
202	к которому	1	3
203	виде и	1	3
204	только к	2	3
205	в связи	3	3
206	наряду с	2	3
207	по существу	4	3
208	этом случае	1	3
209	и от	6	3
210	не подлежит	1	3
211	бы в	2	3
212	совершенно не	2	3
213	в виде	13	3
214	точно так	4	3
215	также и	17	2
216	что слово	1	2
217	должна быть	2	2
218	едва ли	11	2
219	для построения	1	2
220	мы имеем	3	2
221	что если	4	2
222	место в	1	2
223	указывая на	1	2
224	мы и	2	2
225	в ней	5	2
226	этому вопросу	1	2
227	нас интересует	1	2
228	он говорит	1	2
229	мы будем	2	2
230	общего к	1	2
231	отличие от	3	2
232	не просто	10	2
233	и речи	2	2
234	которые не	2	2
235	как говорит	2	2
236	стороны и	2	2
237	привести к	1	2
238	из этих	3	2
239	в известном	1	2
240	остановиться на	2	2
241	не есть	10	2
242	дальше и	2	2
243	теории и	1	2
244	в нем	3	2
245	именно то	1	2
246	никакому сомнению	1	2
247	то как	3	2
248	содержит в	5	2
249	но вместе	1	2
250	же не	2	2
251	действительности в	1	2
252	далеко не	3	2
253	оно имеет	1	2
254	такой же	4	2
255	нисколько не	3	2
256	со всей	1	2
257	которую он	1	2
258	с теоретической	1	2
259	самое название	1	2
260	в отличие	3	2
261	собой и	1	2
262	их в	1	2
263	том же	1	2
264	что этот	3	2
265	этой области	1	2
266	этих трех	3	2
267	ничего кроме	1	2
268	не имеет	4	2
269	того как	1	2
270	к этим	1	2
271	это мы	1	2
272	под этим	1	2
273	это слово	1	2
274	что на	2	2
275	очень часто	1	2
276	когда мы	1	2
277	отличается от	3	2
278	принципиально нового	1	2
279	указывает на	1	2
280	что при	1	2
281	и он	1	2
282	и это	6	2
283	здесь не	3	2
284	данном случае	2	2
285	никак не	4	2
286	ясно что	1	2
287	и которые	1	2
288	еще не	4	2
289	даны в	1	2
290	смысле и	1	2
291	и здесь	6	2
292	другими словами	1	2
293	настоящее время	3	2
294	а также	8	2
295	может не	1	2
296	развития не	1	2
297	к нему	3	2
298	когда оно	2	2
299	вслед за	1	2
300	видим что	1	2
301	значит что	6	2
302	что здесь	3	2
303	но так	1	2
304	этих признаков	1	2
305	в вопросе	2	2
306	по мнению	4	2
307	но как	2	2
308	данной стадии	1	2
309	и у	3	2
310	вопроса о	1	2
311	в действительном	1	2
312	в нашей	2	2
313	целого ряда	1	2
314	от других	1	2
315	для него	8	2
316	представить себе	1	2
317	иначе как	1	2
318	признаков и	1	2
319	у него	24	2
320	которое является	1	2
321	только на	5	2
322	в истинном	1	2
323	подлежит никакому	1	2
324	в каком	4	2
325	понятий как	1	2
326	с той	1	2
327	а с	4	2
328	прежде всего	10	2
329	понятие о	2	2
330	с которым	1	2
331	если не	6	2
332	состояла в	1	2
333	противоречие с	1	2
334	вопросе о	3	2
335	в данном	5	2
336	что это	9	2
337	самого себя	2	2
338	эта проблема	1	2
339	это значит	6	2
340	том смысле	1	2
341	даже в	4	2
342	в начале	2	2
343	но для	3	2
344	на одной	2	2
345	мы найдем	1	2
346	от той	1	2
347	которая в	2	2
348	в настоящее	3	2
349	находит свое	1	2
350	существует ли	1	2
351	а в	7	2
352	нам не	1	2
353	в свою	1	2
354	на более	2	2
355	мышления что	1	2
356	который не	1	2
357	в таком	3	2
358	том числе	1	2
359	они не	1	2
360	смысле слова	6	1
361	не иначе	2	1
362	например в	1	1
363	в сфере	1	1
364	человека и	3	1
365	на самом	3	1
366	тех же	1	1
367	что дает	1	1
368	и есть	1	1
369	с целым	1	1
370	изучение тех	1	1
371	и больше	1	1
372	каком отношении	1	1
373	самых существенных	1	1
374	которыми он	1	1
375	его не	1	1
376	из всех	1	1
377	который в	2	1
378	самые разнообразные	1	1
379	в последние	1	1
380	мы не	2	1
381	употребляет слово	2	1
382	которую мы	1	1
383	не делает	1	1
384	та же	1	1
385	вопрос о	4	1
386	в возможности	1	1
387	благодаря тому	1	1
388	время как	2	1
389	что иное	1	1
390	оно есть	6	1
391	я не	3	1
392	но даже	4	1
393	которое в	3	1
394	что оба	2	1
395	внимательный анализ	1	1
396	иное как	1	1
397	быть в	2	1
398	мы указываем	1	1
399	бы то	3	1
400	превращены в	1	1
401	во всех	1	1
402	то мы	1	1
403	признаков но	2	1
404	совсем не	5	1
405	совпадает в	1	1
406	то он	4	1
407	они имеют	1	1
408	точка зрения	1	1
409	не то	1	1
410	не все	3	1
411	если в	1	1
412	не путем	1	1
413	при решении	1	1
414	оно является	1	1
415	мы сейчас	2	1
416	отличаются от	1	1
417	решения этой	1	1
418	относится к	1	1
419	совпадают ли	1	1
420	представлена у	1	1
421	этом он	1	1
422	если она	1	1
423	независимо от	3	1
424	общего с	2	1
425	что касается	2	1
426	же самому	1	1
427	кто не	1	1
428	этом же	2	1
429	является тем	1	1
430	уже содержит	1	1
431	эти страницы	1	1
432	которая с	1	1
433	представление и	1	1
434	появляется у	2	1
435	будет представлять	1	1
436	в этот	2	1
437	то в	6	1
438	но эта	1	1
439	бы не	1	1
440	к самому	1	1
441	более подробно	1	1
442	является то	1	1
443	их объединяет	1	1
444	на стадии	1	1
445	вопросу необходимо	1	1
446	но на	2	1
447	так сказать	1	1
448	в статье	1	1
449	он не	8	1
450	это третье	1	1
451	в первой	1	1
452	становится смыслом	1	1
453	одно целое	1	1
454	себе не	1	1
455	не хотел	1	1
456	в понятии	1	1
457	что одно	1	1
458	только те	1	1
459	чтобы закончить	2	1
460	в плане	1	1
461	смысле как	1	1
462	и по	2	1
463	что она	2	1
464	но все	3	1
465	общего и	1	1
466	то ни	3	1
467	распространяется на	1	1
468	том случае	3	1
469	являются для	2	1
470	на этой	1	1
471	входя в	1	1
472	и свойств	1	1
473	всю свою	1	1
474	не находится	1	1
475	должен был	2	1
476	связанным с	1	1
477	расстается с	1	1
478	собственного внутреннего	1	1
479	не чем	1	1
480	для них	1	1
481	этот раз	1	1
482	о которых	2	1
483	никакого намека	1	1
484	новой основе	1	1
485	на что	1	1
486	не всегда	1	1
487	во внимание	1	1
488	которой он	1	1
489	нигде не	1	1
490	более ранней	1	1
491	движется в	1	1
492	не больше	3	1
493	это обстоятельство	1	1
494	имеет ничего	2	1
495	и сейчас	2	1
496	мышления у	1	1
497	ничего принципиально	1	1
498	этого необходимо	1	1
499	в такой	1	1
500	просто в	1	1
501	и процесс	1	1
502	то для	1	1
503	рядом других	1	1
504	что вся	1	1
505	не столько	3	1
506	представление о	1	1
507	должно существовать	1	1
508	и понятия	1	1
509	не как	2	1
510	в которых	1	1
511	знаем что	2	1
512	бы мы	1	1
513	признать что	1	1
514	должны были	1	1
515	взгляд на	2	1
516	в основном	4	1
517	всей истории	1	1
518	в одном	5	1
519	выше мы	2	1
520	точку зрения	1	1
521	совпадение в	1	1
522	образом и	1	1
523	но он	1	1
524	своих признаков	1	1
525	тем не	10	1
526	имеет свою	2	1
527	о значении	2	1
528	этот двойной	1	1
529	и таким	1	1
530	для нее	1	1
531	по себе	6	1
532	раз и	8	1
533	что есть	3	1
534	к пересмотру	1	1
535	от высшего	1	1
536	с которой	1	1
537	имеет свое	1	1
538	впадает в	1	1
539	есть прежде	2	1
540	и другое	1	1
541	самого начала	1	1
542	в то	7	1
543	начинает с	1	1
544	что их	1	1
545	и притом	3	1
546	на него	2	1
547	и слишком	3	1
548	опираться на	1	1
549	и всегда	2	1
550	ничего не	5	1
551	в разных	2	1
552	а поскольку	1	1
553	больше чем	2	1
554	это то	1	1
555	в самой	1	1
556	при наличии	1	1
557	правда некоторые	1	1
558	базируется на	1	1
559	и после	1	1
560	свидетельствуют о	1	1
561	чем оно	1	1
562	здесь же	2	1
563	эти три	5	1
564	до того	1	1
565	считать что	1	1
566	только с	2	1
567	доказать что	1	1
568	точке зрения	2	1
569	у нас	5	1
570	слова является	1	1
571	конец его	1	1
572	относиться к	1	1
573	и часто	1	1
574	выступает по	1	1
575	всего в	1	1
576	и другим	1	1
577	бы он	1	1
578	теории в	1	1
579	утверждать что	1	1
580	процессе мышления	2	1
581	и черты	1	1
582	для себя	5	1
583	на вопрос	1	1
584	которого мы	1	1
585	еще более	1	1
586	говоря уже	1	1
587	без всякого	1	1
588	то время	4	1
589	последнее время	1	1
590	только то	2	1
591	в себя	1	1
592	с самого	1	1
593	всей своей	2	1
594	так в	1	1
595	имеет никакого	1	1
596	в дальнейшем	4	1
597	смысле но	3	1
598	и элементарных	1	1
599	и сам	1	1
600	было в	1	1
601	мог бы	4	1
602	том как	1	1
603	еще и	18	1
604	наше внимание	1	1
605	высокой ступени	1	1
606	с чего	2	1
607	форме в	1	1
608	находится в	3	1
609	и вся	2	1
610	слова а	1	1
611	и теоретически	1	1
612	исследования и	1	1
613	более высокой	1	1
614	но мы	2	1
615	не содержит	2	1
616	в глаза	4	1
617	и весь	1	1
618	одного из	1	1
619	или на	1	1
620	с того	1	1
621	можно сказать	1	1
622	вопросу о	1	1
623	является здесь	1	1
624	на отдельные	2	1
625	мы о	1	1
626	является с	1	1
627	видели выше	2	1
628	нуждается в	1	1
629	самом процессе	1	1
630	авторы как	1	1
631	и максимально	2	1
632	того в	1	1
633	даже для	1	1
634	которая и	1	1
635	более высоким	1	1
636	и следовательно	1	1
637	если это	1	1
638	может иметь	1	1
639	орудия на	1	1
640	являются только	1	1
641	что только	1	1
642	мы действительно	1	1
643	чем это	2	1
644	только одной	1	1
645	с появлением	1	1
646	приводимая нами	1	1
647	по времени	1	1
648	не имеющих	2	1
649	и так	2	1
650	начало в	1	1
651	никак нельзя	1	1
652	этот факт	1	1
653	по этому	3	1
654	же и	2	1
655	своей целью	1	1
656	уже не	9	1
657	представлено у	1	1
658	я думаю	1	1
659	мы знаем	3	1
660	больше и	2	1
661	не будут	1	1
662	и их	1	1
663	которая может	1	1
664	в конце	12	1
665	должны в	1	1
666	само по	3	1
667	должны сказать	2	1
668	как раз	10	1
669	же невозможно	1	1
670	существовать в	1	1
671	указание на	1	1
672	даже и	12	1
673	этот второй	1	1
674	как всякое	1	1
675	представляют собой	1	1
676	о невозможности	1	1
677	без всякой	2	1
678	и даже	6	1
679	даже не	3	1
680	этой проблемы	1	1
681	говорим о	1	1
682	которая по	1	1
683	до сих	1	1
684	истина и	3	1
685	к все	1	1
686	эта работа	2	1
687	новое в	1	1
688	основной вывод	1	1
689	здесь в	4	1
690	по своим	1	1
691	все равно	1	1
692	от этих	1	1
693	им из	1	1
694	на чем	1	1
695	то значит	1	1
696	так вот	2	1
697	правда для	1	1
698	к более	1	1
699	то и	2	1
700	целым рядом	1	1
701	на которых	1	1
702	не на	2	1
703	однако и	4	1
704	и выше	2	1
705	что перед	1	1
706	то здесь	1	1
707	виду может	1	1
708	ни на	2	1
709	наталкивается на	1	1
710	его мышления	1	1
711	и потому	10	1
712	мы говорим	1	1
713	значении этого	1	1
714	из которых	1	1
715	предполагает наличие	1	1
716	подойти к	1	1
717	конечно не	1	1
718	о чем	1	1
719	его теории	1	1
720	если оно	4	1
721	а если	2	1
722	в течение	4	1
723	он их	1	1
724	даже вовсе	1	1
725	это есть	10	1
726	в тех	1	1
727	думается что	1	1
728	то к	1	1
729	исходя из	1	1
730	в состоянии	1	1
731	распадается на	1	1
732	каждой отдельной	1	1
733	того существует	1	1
734	этого факта	2	1
735	для тех	2	1
736	не касается	1	1
737	на пути	1	1
738	логических процессов	1	1
739	что из	1	1
740	сих пор	1	1
741	заставляет нас	1	1
742	но это	6	1
743	все это	1	1
744	имел в	1	1
745	является как	2	1
746	от нас	1	1
747	находим мы	1	1
748	при всем	2	1
749	процесса в	1	1
750	указать на	4	1
751	уже на	1	1
752	раз навсегда	3	1
753	и противоречивость	1	1
754	тем и	1	1
755	не существует	2	1
756	войти в	1	1
757	нас нет	1	1
758	того с	1	1
759	хотя и	7	1
760	собственного мышления	1	1
761	у них	1	1
762	возникает вопрос	4	1
763	конце концов	5	1
764	зрения в	1	1
765	рассматривается как	1	1
766	и предметом	1	1
767	ни было	1	1
768	же в	3	1
769	отношении к	1	1
770	вообще и	1	1
771	нет ничего	2	1
772	но если	5	1
773	является продуктом	1	1
774	не говоря	1	1
775	отношением к	1	1
776	не быть	1	1
777	здесь о	2	1
778	но этот	1	1
779	не что	1	1
780	из этого	2	1
781	сила и	1	1
782	ее в	3	1
783	случае если	2	1
784	в своих	7	1
785	то оно	1	1
786	по поводу	1	1
787	как результат	1	1
